<application>
  <component name="UpdatesConfigurable">
    <enabledExternalComponentSources>
      <item value="Android SDK" />
    </enabledExternalComponentSources>
    <option name="externalUpdateChannels">
      <map>
        <entry key="Android SDK" value="Stable Channel" />
      </map>
    </option>
    <ignoredBuildNumbers>
      <item value="201.8743.12.41.6823847" />
      <item value="emulator#30.5.3" />
      <item value="extras;intel;Hardware_Accelerated_Execution_Manager#7.6.5" />
      <item value="platform-tools#31.0.1" />
    </ignoredBuildNumbers>
    <knownExternalComponentSources>
      <item value="Android SDK" />
    </knownExternalComponentSources>
    <option name="LAST_BUILD_CHECKED" value="AI-201.8743.12.41.7199119" />
    <option name="LAST_TIME_CHECKED" value="1617220335574" />
    <option name="THIRD_PARTY_PLUGINS_ALLOWED" value="true" />
  </component>
</application>